,,,8.5 Oz. Jar,F1-00-F-8,F2-00-F-8,F3-00-F-8,F5-00-F-8,F7-00-F-8
00-F,Clear,F-P,4 Lb. Jar,F1-00-F-4,F2-00-F-4,F3-00-F-4,F5-00-F-4,F7-00-F-4
,,,40 Lb. Bucket,F1-00-F-40,F2-00-F-40,F3-00-F-40,F5-00-F-40,F7-00-F-40
,,,8.5 Oz. Jar,N/A,N/A,F3-00-F-IR-8,F5-00-F-IR-8,F7-00-F-IR-8
00-F-IR,Clear Rainbow Irid,F-T,4 Lb. Jar,N/A,N/A,F3-00-F-IR-4,F5-00-F-IR-4,F7-00-F-IR-4
,,,40 Lb. Bucket,N/A,N/A,F3-00-F-IR-40,F5-00-F-IR-40,F7-00-F-IR-40
,,,8.5 Oz. Jar,F1-01-F-8,F2-01-F-8,F3-01-F-8,F5-01-F-8,F7-01-F-8
01-F,Crystal Clear,F-S,4 Lb. Jar,F1-01-F-4,F2-01-F-4,F3-01-F-4,F5-01-F-4,F7-01-F-4
,,,40 Lb. Bucket,F1-01-F-40,F2-01-F-40,F3-01-F-40,F5-01-F-40,F7-01-F-40
,,,8.5 Oz. Jar,F1-003-F-8,F2-003-F-8,F3-003-F-8,F5-003-F-8,F7-003-F-8
003-F,Red Reactive Transparent,F-S,4 Lb. Jar,F1-003-F-4,F2-003-F-4,F3-003-F-4,F5-003-F-4,F7-003-F-4
,,,40 Lb. Bucket,F1-003-F-40,F2-003-F-40,F3-003-F-40,F5-003-F-40,F7-003-F-40
,,,8.5 Oz. Jar,F1-045-F-8,F2-045-F-8,F3-045-F-8,F5-045-F-8,F7-045-F-8
045-F,Red Reactive Opal,F-S,4 Lb. Jar,F1-045-F-4,F2-045-F-4,F3-045-F-4,F5-045-F-4,F7-045-F-4
,,,40 Lb. Bucket,F1-045-F-40,F2-045-F-40,F3-045-F-40,F5-045-F-40,F7-045-F-40
,,,8.5 Oz. Jar,F1-078-F-8,F2-078-F-8,F3-078-F-8,F5-078-F-8,F7-078-F-8
078-F,Payne's Gray Opal,F-S,4 Lb. Jar,F1-078-F-4,F2-078-F-4,F3-078-F-4,F5-078-F-4,F7-078-F-4
,,,40 Lb. Bucket,F1-078-F-40,F2-078-F-40,F3-078-F-40,F5-078-F-40,F7-078-F-40
,,,8.5 Oz. Jar,F1-079-F-8,F2-079-F-8,F3-079-F-8,F5-079-F-8,F7-079-F-8
079-F,Chambray Opal,F-S,4 Lb. Jar,F1-079-F-4,F2-079-F-4,F3-079-F-4,F5-079-F-4,F7-079-F-4
,,,40 Lb. Bucket,F1-079-F-40,F2-079-F-40,F3-079-F-40,F5-079-F-40,F7-079-F-40
,,,8.5 Oz. Jar,F1-1101-F-8,F2-1101-F-8,F3-1101-F-8,F5-1101-F-8,F7-1101-F-8
1101-F,Palest Amber Transparent,F-S,4 Lb. Jar,F1-1101-F-4,F2-1101-F-4,F3-1101-F-4,F5-1101-F-4,F7-1101-F-4
,,,40 Lb. Bucket,F1-1101-F-40,F2-1101-F-40,F3-1101-F-40,F5-1101-F-40,F7-1101-F-40
,,,8.5 Oz. Jar,F1-1102-F-8,F2-1102-F-8,F3-1102-F-8,F5-1102-F-8,F7-1102-F-8
1102-F,Pale Amber Transparent,F-S,4 Lb. Jar,F1-1102-F-4,F2-1102-F-4,F3-1102-F-4,F5-1102-F-4,F7-1102-F-4
,,,40 Lb. Bucket,F1-1102-F-40,F2-1102-F-40,F3-1102-F-40,F5-1102-F-40,F7-1102-F-40
,,,8.5 Oz. Jar,F1-1108-F-8,F2-1108-F-8,F3-1108-F-8,F5-1108-F-8,F7-1108-F-8
1108-F,Medium Amber Transparent,F-S,4 Lb. Jar,F1-1108-F-4,F2-1108-F-4,F3-1108-F-4,F5-1108-F-4,F7-1108-F-4
,,,40 Lb. Bucket,F1-1108-F-40,F2-1108-F-40,F3-1108-F-40,F5-1108-F-40,F7-1108-F-40
,,,8.5 Oz. Jar,F1-111-F-8,F2-111-F-8,F3-111-F-8,F5-111-F-8,F7-111-F-8
111-F,Dark Amber Transparent,F-S,4 Lb. Jar,F1-111-F-4,F2-111-F-4,F3-111-F-4,F5-111-F-4,F7-111-F-4
,,,40 Lb. Bucket,F1-111-F-40,F2-111-F-40,F3-111-F-40,F5-111-F-40,F7-111-F-40
,,,8.5 Oz. Jar,F1-121-F-8,F2-121-F-8,F3-121-F-8,F5-121-F-8,F7-121-F-8
121-F,Light Green Transparent,F-S,4 Lb. Jar,F1-121-F-4,F2-121-F-4,F3-121-F-4,F5-121-F-4,F7-121-F-4
,,,40 Lb. Bucket,F1-121-F-40,F2-121-F-40,F3-121-F-40,F5-121-F-40,F7-121-F-40
,,,8.5 Oz. Jar,F1-125-F-8,F2-125-F-8,F3-125-F-8,F5-125-F-8,F7-125-F-8
125-F,Dark Green Transparent,F-S,4 Lb. Jar,F1-125-F-4,F2-125-F-4,F3-125-F-4,F5-125-F-4,F7-125-F-4
,,,40 Lb. Bucket,F1-125-F-40,F2-125-F-40,F3-125-F-40,F5-125-F-40,F7-125-F-40
,,,8.5 Oz. Jar,F1-128-F-8,F2-128-F-8,F3-128-F-8,F5-128-F-8,F7-128-F-8
128-F,Aventurine Green Transparent,F-S,4 Lb. Jar,F1-128-F-4,F2-128-F-4,F3-128-F-4,F5-128-F-4,F7-128-F-4
,,,40 Lb. Bucket,F1-128-F-40,F2-128-F-40,F3-128-F-40,F5-128-F-40,F7-128-F-40
,,,8.5 Oz. Jar,F1-1308-F-8,F2-1308-F-8,F3-1308-F-8,F5-1308-F-8,F7-1308-F-8
1308-F,Pale Blue Transparent,F-S,4 Lb. Jar,F1-1308-F-4,F2-1308-F-4,F3-1308-F-4,F5-1308-F-4,F7-1308-F-4
,,,40 Lb. Bucket,F1-1308-F-40,F2-1308-F-40,F3-1308-F-40,F5-1308-F-40,F7-1308-F-40
,,,8.5 Oz. Jar,F1-132-F-8,F2-132-F-8,F3-132-F-8,F5-132-F-8,F7-132-F-8
132-F,Light Blue Transparent,F-S,4 Lb. Jar,F1-132-F-4,F2-132-F-4,F3-132-F-4,F5-132-F-4,F7-132-F-4
,,,40 Lb. Bucket,F1-132-F-40,F2-132-F-40,F3-132-F-40,F5-132-F-40,F7-132-F-40
,,,8.5 Oz. Jar,F1-136-F-8,F2-136-F-8,F3-136-F-8,F5-136-F-8,F7-136-F-8
136-F,Dark Blue Transparent,F-S,4 Lb. Jar,F1-136-F-4,F2-136-F-4,F3-136-F-4,F5-136-F-4,F7-136-F-4
,,,40 Lb. Bucket,F1-136-F-40,F2-136-F-40,F3-136-F-40,F5-136-F-40,F7-136-F-40
,,,8.5 Oz. Jar,F1-138-F-8,F2-138-F-8,F3-138-F-8,F5-138-F-8,F7-138-F-8
138-F,Aventurine Blue Transparent,F-S,4 Lb. Jar,F1-138-F-4,F2-138-F-4,F3-138-F-4,F5-138-F-4,F7-138-F-4
,,,40 Lb. Bucket,F1-138-F-40,F2-138-F-40,F3-138-F-40,F5-138-F-40,F7-138-F-40
,,,8.5 Oz. Jar,F1-1408-F-8,F2-1408-F-8,F3-1408-F-8,F5-1408-F-8,F7-1408-F-8
1408-F,Pale Purple Transparent,F-S,4 Lb. Jar,F1-1408-F-4,F2-1408-F-4,F3-1408-F-4,F5-1408-F-4,F7-1408-F-4
,,,40 Lb. Bucket,F1-1408-F-40,F2-1408-F-40,F3-1408-F-40,F5-1408-F-40,F7-1408-F-40
,,,8.5 Oz. Jar,F1-142-F-8,F2-142-F-8,F3-142-F-8,F5-142-F-8,F7-142-F-8
142-F,Light Purple Transparent,F-S,4 Lb. Jar,F1-142-F-4,F2-142-F-4,F3-142-F-4,F5-142-F-4,F7-142-F-4
,,,40 Lb. Bucket,F1-142-F-40,F2-142-F-40,F3-142-F-40,F5-142-F-40,F7-142-F-40
,,,8.5 Oz. Jar,F1-151-F-8,F2-151-F-8,F3-151-F-8,F5-151-F-8,F7-151-F-8
151-F,Cherry Red Transparent,F-S,4 Lb. Jar,F1-151-F-4,F2-151-F-4,F3-151-F-4,F5-151-F-4,F7-151-F-4
,,,40 Lb. Bucket,F1-151-F-40,F2-151-F-40,F3-151-F-40,F5-151-F-40,F7-151-F-40
,,,8.5 Oz. Jar,F1-161-F-8,F2-161-F-8,F3-161-F-8,F5-161-F-8,F7-161-F-8
161-F,Yellow Transparent,F-S,4 Lb. Jar,F1-161-F-4,F2-161-F-4,F3-161-F-4,F5-161-F-4,F7-161-F-4
,,,40 Lb. Bucket,F1-161-F-40,F2-161-F-40,F3-161-F-40,F5-161-F-40,F7-161-F-40
,,,8.5 Oz. Jar,F1-171-F-8,F2-171-F-8,F3-171-F-8,F5-171-F-8,F7-171-F-8
171-F,Orange Transparent,F-S,4 Lb. Jar,F1-171-F-4,F2-171-F-4,F3-171-F-4,F5-171-F-4,F7-171-F-4
,,,40 Lb. Bucket,F1-171-F-40,F2-171-F-40,F3-171-F-40,F5-171-F-40,F7-171-F-40
,,,8.5 Oz. Jar,F1-1808-F-8,F2-1808-F-8,F3-1808-F-8,F5-1808-F-8,F7-1808-F-8
1808-F,Pale Gray Transparent,F-S,4 Lb. Jar,F1-1808-F-4,F2-1808-F-4,F3-1808-F-4,F5-1808-F-4,F7-1808-F-4
,,,40 Lb. Bucket,F1-1808-F-40,F2-1808-F-40,F3-1808-F-40,F5-1808-F-40,F7-1808-F-40
,,,8.5 Oz. Jar,F1-200-F-8,F2-200-F-8,F3-200-F-8,F5-200-F-8,F7-200-F-8
200-F,White Opal,F-S,4 Lb. Jar,F1-200-F-4,F2-200-F-4,F3-200-F-4,F5-200-F-4,F7-200-F-4
,,,40 Lb. Bucket,F1-200-F-40,F2-200-F-40,F3-200-F-40,F5-200-F-40,F7-200-F-40
,,,8.5 Oz. Jar,F1-209-F-8,F2-209-F-8,F3-209-F-8,F5-209-F-8,F7-209-F-8
209-F,Crystal Opal,F-S,4 Lb. Jar,F1-209-F-4,F2-209-F-4,F3-209-F-4,F5-209-F-4,F7-209-F-4
,,,40 Lb. Bucket,F1-209-F-40,F2-209-F-40,F3-209-F-40,F5-209-F-40,F7-209-F-40
,,,8.5 Oz. Jar,F1-2101-F-8,F2-2101-F-8,F3-2101-F-8,F5-2101-F-8,F7-2101-F-8
2101-F,Ivory Opal,F-S,4 Lb. Jar,F1-2101-F-4,F2-2101-F-4,F3-2101-F-4,F5-2101-F-4,F7-2101-F-4
,,,40 Lb. Bucket,F1-2101-F-40,F2-2101-F-40,F3-2101-F-40,F5-2101-F-40,F7-2101-F-40
,,,8.5 Oz. Jar,F1-2103-F-8,F2-2103-F-8,F3-2103-F-8,F5-2103-F-8,F7-2103-F-8
2103-F,Vanilla Cream Opal,F-S,4 Lb. Jar,F1-2103-F-4,F2-2103-F-4,F3-2103-F-4,F5-2103-F-4,F7-2103-F-4
,,,40 Lb. Bucket,F1-2103-F-40,F2-2103-F-40,F3-2103-F-40,F5-2103-F-40,F7-2103-F-40
,,,8.5 Oz. Jar,F1-2107-F-8,F2-2107-F-8,F3-2107-F-8,F5-2107-F-8,F7-2107-F-8
2107-F,Almond Opal,F-S,4 Lb. Jar,F1-2107-F-4,F2-2107-F-4,F3-2107-F-4,F5-2107-F-4,F7-2107-F-4
,,,40 Lb. Bucket,F1-2107-F-40,F2-2107-F-40,F3-2107-F-40,F5-2107-F-40,F7-2107-F-40
,,,8.5 Oz. Jar,F1-2114-F-8,F2-2114-F-8,F3-2114-F-8,F5-2114-F-8,F7-2114-F-8
2114-F,Chestnut Opal,F-S,4 Lb. Jar,F1-2114-F-4,F2-2114-F-4,F3-2114-F-4,F5-2114-F-4,F7-2114-F-4
,,,40 Lb. Bucket,F1-2114-F-40,F2-2114-F-40,F3-2114-F-40,F5-2114-F-40,F7-2114-F-40
,,,8.5 Oz. Jar,F1-2116-F-8,F2-2116-F-8,F3-2116-F-8,F5-2116-F-8,F7-2116-F-8
2116-F,Chocolate Opal,F-S,4 Lb. Jar,F1-2116-F-4,F2-2116-F-4,F3-2116-F-4,F5-2116-F-4,F7-2116-F-4
,,,40 Lb. Bucket,F1-2116-F-40,F2-2116-F-40,F3-2116-F-40,F5-2116-F-40,F7-2116-F-40
,,,8.5 Oz. Jar,F1-2152-F-8,F2-2152-F-8,F3-2152-F-8,F5-2152-F-8,F7-2152-F-8
2152-F,Terra Cotta Opal,F-S,4 Lb. Jar,F1-2152-F-4,F2-2152-F-4,F3-2152-F-4,F5-2152-F-4,F7-2152-F-4
,,,40 Lb. Bucket,F1-2152-F-40,F2-2152-F-40,F3-2152-F-40,F5-2152-F-40,F7-2152-F-40
,,,8.5 Oz. Jar,F1-2206-F-8,F2-2206-F-8,F3-2206-F-8,F5-2206-F-8,F7-2206-F-8
2206-F,Dark Green Opal,F-S,4 Lb. Jar,F1-2206-F-4,F2-2206-F-4,F3-2206-F-4,F5-2206-F-4,F7-2206-F-4
,,,40 Lb. Bucket,F1-2206-F-40,F2-2206-F-40,F3-2206-F-40,F5-2206-F-40,F7-2206-F-40
,,,8.5 Oz. Jar,F1-2222-F-8,F2-2222-F-8,F3-2222-F-8,F5-2222-F-8,F7-2222-F-8
2222-F,Pastel Green Opal,F-S,4 Lb. Jar,F1-2222-F-4,F2-2222-F-4,F3-2222-F-4,F5-2222-F-4,F7-2222-F-4
,,,40 Lb. Bucket,F1-2222-F-40,F2-2222-F-40,F3-2222-F-40,F5-2222-F-40,F7-2222-F-40
,,,8.5 Oz. Jar,F1-2232-F-8,F2-2232-F-8,F3-2232-F-8,F5-2232-F-8,F7-2232-F-8
2232-F,Turquoise Green Opal,F-S,4 Lb. Jar,F1-2232-F-4,F2-2232-F-4,F3-2232-F-4,F5-2232-F-4,F7-2232-F-4
,,,40 Lb. Bucket,F1-2232-F-40,F2-2232-F-40,F3-2232-F-40,F5-2232-F-40,F7-2232-F-40
,,,8.5 Oz. Jar,F1-2234-F-8,F2-2234-F-8,F3-2234-F-8,F5-2234-F-8,F7-2234-F-8
2234-F,Peacock Green Opal,F-S,4 Lb. Jar,F1-2234-F-4,F2-2234-F-4,F3-2234-F-4,F5-2234-F-4,F7-2234-F-4
,,,40 Lb. Bucket,F1-2234-F-40,F2-2234-F-40,F3-2234-F-40,F5-2234-F-40,F7-2234-F-40
,,,8.5 Oz. Jar,F1-2262-F-8,F2-2262-F-8,F3-2262-F-8,F5-2262-F-8,F7-2262-F-8
2262-F,Lemongrass Opal,F-S,4 Lb. Jar,F1-2262-F-4,F2-2262-F-4,F3-2262-F-4,F5-2262-F-4,F7-2262-F-4
,,,40 Lb. Bucket,F1-2262-F-40,F2-2262-F-40,F3-2262-F-40,F5-2262-F-40,F7-2262-F-40
,,,8.5 Oz. Jar,F1-2264-F-8,F2-2264-F-8,F3-2264-F-8,F5-2264-F-8,F7-2264-F-8
2264-F,Amazon Green Opal,F-S,4 Lb. Jar,F1-2264-F-4,F2-2264-F-4,F3-2264-F-4,F5-2264-F-4,F7-2264-F-4
,,,40 Lb. Bucket,F1-2264-F-40,F2-2264-F-40,F3-2264-F-40,F5-2264-F-40,F7-2264-F-40
,,,8.5 Oz. Jar,F1-2282-F-8,F2-2282-F-8,F3-2282-F-8,F5-2282-F-8,F7-2282-F-8
2282-F,Celadon Opal,F-S,4 Lb. Jar,F1-2282-F-4,F2-2282-F-4,F3-2282-F-4,F5-2282-F-4,F7-2282-F-4
,,,40 Lb. Bucket,F1-2282-F-40,F2-2282-F-40,F3-2282-F-40,F5-2282-F-40,F7-2282-F-40
,,,8.5 Oz. Jar,F1-2301-F-8,F2-2301-F-8,F3-2301-F-8,F5-2301-F-8,F7-2301-F-8
2301-F,Hydrangea Opal,F-S,4 Lb. Jar,F1-2301-F-4,F2-2301-F-4,F3-2301-F-4,F5-2301-F-4,F7-2301-F-4
,,,40 Lb. Bucket,F1-2301-F-40,F2-2301-F-40,F3-2301-F-40,F5-2301-F-40,F7-2301-F-40
,,,8.5 Oz. Jar,F1-2302-F-8,F2-2302-F-8,F3-2302-F-8,F5-2302-F-8,F7-2302-F-8
2302-F,Medium Blue Opal,F-S,4 Lb. Jar,F1-2302-F-4,F2-2302-F-4,F3-2302-F-4,F5-2302-F-4,F7-2302-F-4
,,,40 Lb. Bucket,F1-2302-F-40,F2-2302-F-40,F3-2302-F-40,F5-2302-F-40,F7-2302-F-40
,,,8.5 Oz. Jar,F1-2306-F-8,F2-2306-F-8,F3-2306-F-8,F5-2306-F-8,F7-2306-F-8
2306-F,Dark Blue Opal,F-S,4 Lb. Jar,F1-2306-F-4,F2-2306-F-4,F3-2306-F-4,F5-2306-F-4,F7-2306-F-4
,,,40 Lb. Bucket,F1-2306-F-40,F2-2306-F-40,F3-2306-F-40,F5-2306-F-40,F7-2306-F-40
,,,8.5 Oz. Jar,F1-2334-F-8,F2-2334-F-8,F3-2334-F-8,F5-2334-F-8,F7-2334-F-8
2334-F,Turquoise Blue Opal,F-S,4 Lb. Jar,F1-2334-F-4,F2-2334-F-4,F3-2334-F-4,F5-2334-F-4,F7-2334-F-4
,,,40 Lb. Bucket,F1-2334-F-40,F2-2334-F-40,F3-2334-F-40,F5-2334-F-40,F7-2334-F-40
,,,8.5 Oz. Jar,F1-2335-F-8,F2-2335-F-8,F3-2335-F-8,F5-2335-F-8,F7-2335-F-8
2335-F,Mariner Blue Opal,F-S,4 Lb. Jar,F1-2335-F-4,F2-2335-F-4,F3-2335-F-4,F5-2335-F-4,F7-2335-F-4
,,,40 Lb. Bucket,F1-2335-F-40,F2-2335-F-40,F3-2335-F-40,F5-2335-F-40,F7-2335-F-40
,,,8.5 Oz. Jar,F1-2404-F-8,F2-2404-F-8,F3-2404-F-8,F5-2404-F-8,F7-2404-F-8
2404-F,Lilac Opal,F-S,4 Lb. Jar,F1-2404-F-4,F2-2404-F-4,F3-2404-F-4,F5-2404-F-4,F7-2404-F-4
,,,40 Lb. Bucket,F1-2404-F-40,F2-2404-F-40,F3-2404-F-40,F5-2404-F-40,F7-2404-F-40
,,,8.5 Oz. Jar,F1-2502-F-8,F2-2502-F-8,F3-2502-F-8,F5-2502-F-8,F7-2502-F-8
2502-F,Red Opal,F-S,4 Lb. Jar,F1-2502-F-4,F2-2502-F-4,F3-2502-F-4,F5-2502-F-4,F7-2502-F-4
,,,40 Lb. Bucket,F1-2502-F-40,F2-2502-F-40,F3-2502-F-40,F5-2502-F-40,F7-2502-F-40
,,,8.5 Oz. Jar,F1-2602-F-8,F2-2602-F-8,F3-2602-F-8,F5-2602-F-8,F7-2602-F-8
2602-F,Yellow Opal,F-S,4 Lb. Jar,F1-2602-F-4,F2-2602-F-4,F3-2602-F-4,F5-2602-F-4,F7-2602-F-4
,,,40 Lb. Bucket,F1-2602-F-40,F2-2602-F-40,F3-2602-F-40,F5-2602-F-40,F7-2602-F-40
,,,8.5 Oz. Jar,F1-2672-F-8,F2-2672-F-8,F3-2672-F-8,F5-2672-F-8,F7-2672-F-8
2672-F,Sunflower Opal,F-S,4 Lb. Jar,F1-2672-F-4,F2-2672-F-4,F3-2672-F-4,F5-2672-F-4,F7-2672-F-4
,,,40 Lb. Bucket,F1-2672-F-40,F2-2672-F-40,F3-2672-F-40,F5-2672-F-40,F7-2672-F-40
,,,8.5 Oz. Jar,F1-2702-F-8,F2-2702-F-8,F3-2702-F-8,F5-2702-F-8,F7-2702-F-8
2702-F,Orange Opal,F-S,4 Lb. Jar,F1-2702-F-4,F2-2702-F-4,F3-2702-F-4,F5-2702-F-4,F7-2702-F-4
,,,40 Lb. Bucket,F1-2702-F-40,F2-2702-F-40,F3-2702-F-40,F5-2702-F-40,F7-2702-F-40
,,,8.5 Oz. Jar,F1-2711-F-8,F2-2711-F-8,F3-2711-F-8,F5-2711-F-8,F7-2711-F-8
2711-F,Persimmon Opal,F-S,4 Lb. Jar,F1-2711-F-4,F2-2711-F-4,F3-2711-F-4,F5-2711-F-4,F7-2711-F-4
,,,40 Lb. Bucket,F1-2711-F-40,F2-2711-F-40,F3-2711-F-40,F5-2711-F-40,F7-2711-F-40
,,,8.5 Oz. Jar,F1-2802-F-8,F2-2802-F-8,F3-2802-F-8,F5-2802-F-8,F7-2802-F-8
2802-F,Pewter Opal,F-S,4 Lb. Jar,F1-2802-F-4,F2-2802-F-4,F3-2802-F-4,F5-2802-F-4,F7-2802-F-4
,,,40 Lb. Bucket,F1-2802-F-40,F2-2802-F-40,F3-2802-F-40,F5-2802-F-40,F7-2802-F-40
,,,8.5 Oz. Jar,F1-2806-F-8,F2-2806-F-8,F3-2806-F-8,F5-2806-F-8,F7-2806-F-8
2806-F,Charcoal Opal,F-S,4 Lb. Jar,F1-2806-F-4,F2-2806-F-4,F3-2806-F-4,F5-2806-F-4,F7-2806-F-4
,,,40 Lb. Bucket,F1-2806-F-40,F2-2806-F-40,F3-2806-F-40,F5-2806-F-40,F7-2806-F-40
,,,8.5 Oz. Jar,F1-2911-F-8,F2-2911-F-8,F3-2911-F-8,F5-2911-F-8,F7-2911-F-8
2911-F,Champagne Opal,F-S,4 Lb. Jar,F1-2911-F-4,F2-2911-F-4,F3-2911-F-4,F5-2911-F-4,F7-2911-F-4
,,,40 Lb. Bucket,F1-2911-F-40,F2-2911-F-40,F3-2911-F-40,F5-2911-F-40,F7-2911-F-40
,,,8.5 Oz. Jar,F1-3272-F-8,F2-3272-F-8,F3-3272-F-8,F5-3272-F-8,F7-3272-F-8
3272-F,DUAL TONE: Light Green/White Semi Opal,F-S,4 Lb. Jar,F1-3272-F-4,F2-3272-F-4,F3-3272-F-4,F5-3272-F-4,F7-3272-F-4
,,,40 Lb. Bucket,F1-3272-F-40,F2-3272-F-40,F3-3272-F-40,F5-3272-F-40,F7-3272-F-40
,,,8.5 Oz. Jar,F1-3352-F-8,F2-3352-F-8,F3-3352-F-8,F5-3352-F-8,F7-3352-F-8
3352-F,DUAL TONE: White/Light Blue Opal,F-S,4 Lb. Jar,F1-3352-F-4,F2-3352-F-4,F3-3352-F-4,F5-3352-F-4,F7-3352-F-4
,,,40 Lb. Bucket,F1-3352-F-40,F2-3352-F-40,F3-3352-F-40,F5-3352-F-40,F7-3352-F-40
,,,8.5 Oz. Jar,F1-355-F-8,F2-355-F-8,F3-355-F-8,F5-355-F-8,F7-355-F-8
355-F,Marigold Opal,F-S,4 Lb. Jar,F1-355-F-4,F2-355-F-4,F3-355-F-4,F5-355-F-4,F7-355-F-4
,,,40 Lb. Bucket,F1-355-F-40,F2-355-F-40,F3-355-F-40,F5-355-F-40,F7-355-F-40
,,,8.5 Oz. Jar,F1-3571-F-8,F2-3571-F-8,F3-3571-F-8,F5-3571-F-8,F7-3571-F-8
3571-F,DUAL TONE: White/Red Opal,F-S,4 Lb. Jar,F1-3571-F-4,F2-3571-F-4,F3-3571-F-4,F5-3571-F-4,F7-3571-F-4
,,,40 Lb. Bucket,F1-3571-F-40,F2-3571-F-40,F3-3571-F-40,F5-3571-F-40,F7-3571-F-40
,,,8.5 Oz. Jar,F1-3771-F-8,F2-3771-F-8,F3-3771-F-8,F5-3771-F-8,F7-3771-F-8
3771-F,DUAL TONE: White/Orange Opal,F-S,4 Lb. Jar,F1-3771-F-4,F2-3771-F-4,F3-3771-F-4,F5-3771-F-4,F7-3771-F-4
,,,40 Lb. Bucket,F1-3771-F-40,F2-3771-F-40,F3-3771-F-40,F5-3771-F-40,F7-3771-F-40
,,,8.5 Oz. Jar,F1-5181-F-8,F2-5181-F-8,F3-5181-F-8,F5-5181-F-8,F7-5181-F-8
5181-F,Bronze Transparent,F-S,4 Lb. Jar,F1-5181-F-4,F2-5181-F-4,F3-5181-F-4,F5-5181-F-4,F7-5181-F-4
,,,40 Lb. Bucket,F1-5181-F-40,F2-5181-F-40,F3-5181-F-40,F5-5181-F-40,F7-5181-F-40
,,,8.5 Oz. Jar,F1-5182-F-8,F2-5182-F-8,F3-5182-F-8,F5-5182-F-8,F7-5182-F-8
5182-F,Antique Bronze Transparent,F-S,4 Lb. Jar,F1-5182-F-4,F2-5182-F-4,F3-5182-F-4,F5-5182-F-4,F7-5182-F-4
,,,40 Lb. Bucket,F1-5182-F-40,F2-5182-F-40,F3-5182-F-40,F5-5182-F-40,F7-5182-F-40
,,,8.5 Oz. Jar,F1-5232-F-8,F2-5232-F-8,F3-5232-F-8,F5-5232-F-8,F7-5232-F-8
5232-F,Green Transparent,F-S,4 Lb. Jar,F1-5232-F-4,F2-5232-F-4,F3-5232-F-4,F5-5232-F-4,F7-5232-F-4
,,,40 Lb. Bucket,F1-5232-F-40,F2-5232-F-40,F3-5232-F-40,F5-5232-F-40,F7-5232-F-40
,,,8.5 Oz. Jar,F1-5262-F-8,F2-5262-F-8,F3-5262-F-8,F5-5262-F-8,F7-5262-F-8
5262-F,Moss Green Transparent,F-S,4 Lb. Jar,F1-5262-F-4,F2-5262-F-4,F3-5262-F-4,F5-5262-F-4,F7-5262-F-4
,,,40 Lb. Bucket,F1-5262-F-40,F2-5262-F-40,F3-5262-F-40,F5-5262-F-40,F7-5262-F-40
,,,8.5 Oz. Jar,F1-5281-F-8,F2-5281-F-8,F3-5281-F-8,F5-5281-F-8,F7-5281-F-8
5281-F,Sea Green Transparent,F-S,4 Lb. Jar,F1-5281-F-4,F2-5281-F-4,F3-5281-F-4,F5-5281-F-4,F7-5281-F-4
,,,40 Lb. Bucket,F1-5281-F-40,F2-5281-F-40,F3-5281-F-40,F5-5281-F-40,F7-5281-F-40
,,,8.5 Oz. Jar,F1-5282-F-8,F2-5282-F-8,F3-5282-F-8,F5-5282-F-8,F7-5282-F-8
5282-F,Light Olive Transparent,F-S,4 Lb. Jar,F1-5282-F-4,F2-5282-F-4,F3-5282-F-4,F5-5282-F-4,F7-5282-F-4
,,,40 Lb. Bucket,F1-5282-F-40,F2-5282-F-40,F3-5282-F-40,F5-5282-F-40,F7-5282-F-40
,,,8.5 Oz. Jar,F1-5331-F-8,F2-5331-F-8,F3-5331-F-8,F5-5331-F-8,F7-5331-F-8
5331-F,Sky Blue Transparent,F-S,4 Lb. Jar,F1-5331-F-4,F2-5331-F-4,F3-5331-F-4,F5-5331-F-4,F7-5331-F-4
,,,40 Lb. Bucket,F1-5331-F-40,F2-5331-F-40,F3-5331-F-40,F5-5331-F-40,F7-5331-F-40
,,,8.5 Oz. Jar,F1-5332-F-8,F2-5332-F-8,F3-5332-F-8,F5-5332-F-8,F7-5332-F-8
5332-F,Blue Topaz Transparent,F-S,4 Lb. Jar,F1-5332-F-4,F2-5332-F-4,F3-5332-F-4,F5-5332-F-4,F7-5332-F-4
,,,40 Lb. Bucket,F1-5332-F-40,F2-5332-F-40,F3-5332-F-40,F5-5332-F-40,F7-5332-F-40
,,,8.5 Oz. Jar,F1-5333-F-8,F2-5333-F-8,F3-5333-F-8,F5-5333-F-8,F7-5333-F-8
5333-F,Deep Aqua Transparent,F-S,4 Lb. Jar,F1-5333-F-4,F2-5333-F-4,F3-5333-F-4,F5-5333-F-4,F7-5333-F-4
,,,40 Lb. Bucket,F1-5333-F-40,F2-5333-F-40,F3-5333-F-40,F5-5333-F-40,F7-5333-F-40
,,,8.5 Oz. Jar,F1-5382-F-8,F2-5382-F-8,F3-5382-F-8,F5-5382-F-8,F7-5382-F-8
5382-F,Oceanside Blue Transparent,F-S,4 Lb. Jar,F1-5382-F-4,F2-5382-F-4,F3-5382-F-4,F5-5382-F-4,F7-5382-F-4
,,,40 Lb. Bucket,F1-5382-F-40,F2-5382-F-40,F3-5382-F-40,F5-5382-F-40,F7-5382-F-40
,,,8.5 Oz. Jar,F1-5432-F-8,F2-5432-F-8,F3-5432-F-8,F5-5432-F-8,F7-5432-F-8
5432-F,Grape Transparent,F-S,4 Lb. Jar,F1-5432-F-4,F2-5432-F-4,F3-5432-F-4,F5-5432-F-4,F7-5432-F-4
,,,40 Lb. Bucket,F1-5432-F-40,F2-5432-F-40,F3-5432-F-40,F5-5432-F-40,F7-5432-F-40
,,,8.5 Oz. Jar,F1-56-F-8,F2-56-F-8,F3-56-F-8,F5-56-F-8,F7-56-F-8
56-F,Black,F-S,4 Lb. Jar,F1-56-F-4,F2-56-F-4,F3-56-F-4,F5-56-F-4,F7-56-F-4
,,,40 Lb. Bucket,F1-56-F-40,F2-56-F-40,F3-56-F-40,F5-56-F-40,F7-56-F-40
,,,8.5 Oz. Jar,N/A,N/A,F3-56-F-IR-8,F5-56-F-IR-8,F7-56-F-IR-8
56-F-IR,Black Irid,F-T,4 Lb. Jar,N/A,N/A,F3-56-F-IR-4,F5-56-F-IR-4,F7-56-F-IR-4
,,,40 Lb. Bucket,N/A,N/A,F3-56-F-IR-40,F5-56-F-IR-40,F7-56-F-IR-40
,,,8.5 Oz. Jar,F1-568-F-8,F2-568-F-8,F3-568-F-8,F5-568-F-8,F7-568-F-8
568-F,Aventurine Black,F-S,4 Lb. Jar,F1-568-F-4,F2-568-F-4,F3-568-F-4,F5-568-F-4,F7-568-F-4
,,,40 Lb. Bucket,F1-568-F-40,F2-568-F-40,F3-568-F-40,F5-568-F-40,F7-568-F-40
,,,8.5 Oz. Jar,F1-5711-F-8,F2-5711-F-8,F3-5711-F-8,F5-5711-F-8,F7-5711-F-8
5711-F,Rust Transparent,F-S,4 Lb. Jar,F1-5711-F-4,F2-5711-F-4,F3-5711-F-4,F5-5711-F-4,F7-5711-F-4
,,,40 Lb. Bucket,F1-5711-F-40,F2-5711-F-40,F3-5711-F-40,F5-5711-F-40,F7-5711-F-40
,,,8.5 Oz. Jar,F1-5911-F-8,F2-5911-F-8,F3-5911-F-8,F5-5911-F-8,F7-5911-F-8
5911-F,Pink Champagne Transparent,F-S,4 Lb. Jar,F1-5911-F-4,F2-5911-F-4,F3-5911-F-4,F5-5911-F-4,F7-5911-F-4
,,,40 Lb. Bucket,F1-5911-F-40,F2-5911-F-40,F3-5911-F-40,F5-5911-F-40,F7-5911-F-40
,,,8.5 Oz. Jar,F1-602-F-8,F2-602-F-8,F3-602-F-8,F5-602-F-8,F7-602-F-8
602-F,Flame Opal,F-S,4 Lb. Jar,F1-602-F-4,F2-602-F-4,F3-602-F-4,F5-602-F-4,F7-602-F-4
,,,40 Lb. Bucket,F1-602-F-40,F2-602-F-40,F3-602-F-40,F5-602-F-40,F7-602-F-40
,,,8.5 Oz. Jar,F1-6227-F-8,F2-6227-F-8,F3-6227-F-8,F5-6227-F-8,F7-6227-F-8
6227-F,Forest Green Opal,F-S,4 Lb. Jar,F1-6227-F-4,F2-6227-F-4,F3-6227-F-4,F5-6227-F-4,F7-6227-F-4
,,,40 Lb. Bucket,F1-6227-F-40,F2-6227-F-40,F3-6227-F-40,F5-6227-F-40,F7-6227-F-40
,,,8.5 Oz. Jar,F1-6755-F-8,F2-6755-F-8,F3-6755-F-8,F5-6755-F-8,F7-6755-F-8
6755-F,White/Orange-Red Opal,F-S,4 Lb. Jar,F1-6755-F-4,F2-6755-F-4,F3-6755-F-4,F5-6755-F-4,F7-6755-F-4
,,,40 Lb. Bucket,F1-6755-F-40,F2-6755-F-40,F3-6755-F-40,F5-6755-F-40,F7-6755-F-40
,,,8.5 Oz. Jar,F1-726-F-8,F2-726-F-8,F3-726-F-8,F5-726-F-8,F7-726-F-8
726-F,Apple Jade Opal,F-S,4 Lb. Jar,F1-726-F-4,F2-726-F-4,F3-726-F-4,F5-726-F-4,F7-726-F-4
,,,40 Lb. Bucket,F1-726-F-40,F2-726-F-40,F3-726-F-40,F5-726-F-40,F7-726-F-40
,,,8.5 Oz. Jar,F1-7312-F-8,F2-7312-F-8,F3-7312-F-8,F5-7312-F-8,F7-7312-F-8
7312-F,Lime Transparent,F-S,4 Lb. Jar,F1-7312-F-4,F2-7312-F-4,F3-7312-F-4,F5-7312-F-4,F7-7312-F-4
,,,40 Lb. Bucket,F1-7312-F-40,F2-7312-F-40,F3-7312-F-40,F5-7312-F-40,F7-7312-F-40
,,,8.5 Oz. Jar,F1-755-F-8,F2-755-F-8,F3-755-F-8,F5-755-F-8,F7-755-F-8
755-F,Fern Green Opal,F-S,4 Lb. Jar,F1-755-F-4,F2-755-F-4,F3-755-F-4,F5-755-F-4,F7-755-F-4
,,,40 Lb. Bucket,F1-755-F-40,F2-755-F-40,F3-755-F-40,F5-755-F-40,F7-755-F-40
,,,8.5 Oz. Jar,F1-782-F-8,F2-782-F-8,F3-782-F-8,F5-782-F-8,F7-782-F-8
782-F,Olive Green Opal,F-S,4 Lb. Jar,F1-782-F-4,F2-782-F-4,F3-782-F-4,F5-782-F-4,F7-782-F-4
,,,40 Lb. Bucket,F1-782-F-40,F2-782-F-40,F3-782-F-40,F5-782-F-40,F7-782-F-40
,,,8.5 Oz. Jar,F1-8261-F-8,F2-8261-F-8,F3-8261-F-8,F5-8261-F-8,F7-8261-F-8
8261-F,DUAL TONE: Lime Green/White Semi-Opal,F-S,4 Lb. Jar,F1-8261-F-4,F2-8261-F-4,F3-8261-F-4,F5-8261-F-4,F7-8261-F-4
,,,40 Lb. Bucket,F1-8261-F-40,F2-8261-F-40,F3-8261-F-40,F5-8261-F-40,F7-8261-F-40
,,,8.5 Oz. Jar,F1-8386-F-8,F2-8386-F-8,F3-8386-F-8,F5-8386-F-8,F7-8386-F-8
8386-F,DUAL TONE: Navy Blue/White Semi-Opal,F-S,4 Lb. Jar,F1-8386-F-4,F2-8386-F-4,F3-8386-F-4,F5-8386-F-4,F7-8386-F-4
,,,40 Lb. Bucket,F1-8386-F-40,F2-8386-F-40,F3-8386-F-40,F5-8386-F-40,F7-8386-F-40
,,,,,,,,
,,,,,,,,
,,,,,,,,
,,,,,,,,
,,,,,,,,
,,,,,,,,
,,,,,,,,
,,,,,,,,
,,,,,,,,
